ФИО;Код клиента;Индекс;Дата рождения;Город;Улица;Дом;Квартира;e-mail;password;Серия;Номер
Фролов Андрей Иванович;45462526;344288;14.07.2001;Санкт-Петербург;Чехова;1;34;gohufreilagrau-3818@yopmail.com;cl12345;1180;176596
Николаев Даниил Всеволодович;45462527;614164;10.02.2001;Санкт-Петербург;Степная;30;75;xawugosune-1385@yopmail.com;cl12346;2280;223523
Снегирев Макар Иванович;45462528;394242;21.05.1998;Санкт-Петербург;Коммунистическая;43;57;satrahuddusei-4458@yopmail.com;cl12347;4560;354155
Иванов Иван Ильич;45462529;660540;01.10.1998;Санкт-Петербург;Солнечная;25;78;boippaxeufrepra-7093@yopmail.com;cl12348;9120;554296
Филиппова Анна Глебовна;45462530;125837;31.05.1976;Санкт-Петербург;Шоссейная;40;92;zapramaxesu-7741@yopmail.com;cl12349;2367;558134
Иванов Михаил Владимирович;45462531;125703;04.11.1985;Санкт-Петербург;Партизанская;49;84;rouzecroummegre-3899@yopmail.com;cl12350;7101;669343
Власов Дмитрий Александрович;45462532;625283;17.08.1998;Санкт-Петербург;Победы;46;7;ziyeuddocrabri-4748@yopmail.com;cl12351;3455;719630
Серова Екатерина Львовна;45462533;614611;24.10.1984;Санкт-Петербург;Молодежная;50;78;ketameissoinnei-1951@yopmail.com;cl12352;2377;871623
Борисова Ирина Ивановна;45462534;454311;14.10.1976;Санкт-Петербург;Новая;19;78;yipraubaponou-5849@yopmail.com;cl12353;8755;921148
Зайцев Никита Артёмович;45462535;660007;14.10.1999;Санкт-Петербург;Октябрьская;19;42;crapedocouca-3572@yopmail.com;cl12354;4355;104594
Медведев Святослав Евгеньевич;45462536;603036;13.07.1985;Санкт-Петербург;Садовая;4;13;ceigoixakaunni-9227@yopmail.com;cl12355;2791;114390
Коротков Кирилл Алексеевич;45462537;450983;26.05.1976;Санкт-Петербург;Комсомольская;26;60;yeimmeiwauzomo-7054@yopmail.com;cl12356;5582;126286
Калашникова Арина Максимовна;45462538;394782;13.08.1999;Санкт-Петербург;Чехова;3;14;poleifenevi-1560@yopmail.com;cl12357;2978;133653
Минина Таисия Кирилловна;45462539;603002;13.10.1985;Санкт-Петербург;Дзержинского;28;56;kauprezofautei-6607@yopmail.com;cl12358;7512;141956
Наумов Серафим Романович;45462540;450558;15.04.1999;Санкт-Петербург;Набережная;30;71;quaffaullelourei-1667@yopmail.com;cl12359;5046;158433
Воробьева Василиса Евгеньевна;45462541;394060;13.01.1999;Санкт-Петербург;Фрунзе;43;79;jsteele@rojas-robinson.net;cl12360;2460;169505
Калинин Александр Андреевич;45462542;410661;07.01.1999;Санкт-Петербург;Школьная;50;53;vhopkins@lewis-mullen.com;cl12361;3412;174593
Кузнецова Милана Владиславовна;45462543;625590;24.01.1999;Санкт-Петербург;Коммунистическая;20;34;nlewis@yahoo.com;cl12362;4950;183034
Фирсов Егор Романович;45462544;625683;02.09.1993;Санкт-Петербург;8Марта;20;21;garciadavid@mckinney-mcbride.com;cl12363;5829;219464
Зимина Агния Александровна;45462545;400562;03.09.1998;Санкт-Петербург;Зеленая;32;67;cbradley@castro.com;cl12364;6443;208059
Титов Андрей Глебович;45462546;614510;23.10.1985;Санкт-Петербург;Маяковского;47;72;cuevascatherine@carlson.biz;cl12365;7079;213265
Орлов Николай Егорович;45462547;410542;27.07.1985;Санкт-Петербург;Светлая;46;82;thomasmoore@wilson-singh.net;cl12366;8207;522702
Кузнецова Аиша Михайловна;45462548;620839;04.10.1998;Санкт-Петербург;Цветочная;8;100;jessica84@hotmail.com;cl12367;9307;232158
Куликов Никита Георгиевич;45462549;443890;23.04.1999;Санкт-Петербург;Коммунистическая;1;10;jessicapark@hotmail.com;cl12368;1357;242839
Карпова София Егоровна;45462550;603379;01.10.1993;Санкт-Петербург;Спортивная;46;95;ginaritter@schneider-buchanan.com;cl12369;1167;256636
Смирнова Дарья Макаровна;45462551;603721;22.03.1976;Санкт-Петербург;Гоголя;41;57;stephen99@yahoo.com;cl12370;1768;266986
Абрамова Александра Мироновна;45462552;410172;26.03.1999;Санкт-Петербург;Северная;13;86;lopezlisa@hotmail.com;cl12371;1710;427875
Наумов Руслан Михайлович;45462553;420151;11.10.1999;Санкт-Петербург;Вишневая;32;81;lori17@hotmail.com;cl12372;1806;289145
Бочаров Никита Матвеевич;45462554;125061;29.06.1997;Санкт-Петербург;Подгорная;8;74;campbellkevin@gardner.com;cl12373;1587;291249
Соловьев Давид Ильич;45462555;630370;06.03.1984;Санкт-Петербург;Шоссейная;24;81;morganhoward@clark.com;cl12374;1647;306372
Васильева Валерия Дмитриевна;45462556;614753;30.09.1999;Санкт-Петербург;Полевая;35;39;carsontamara@gmail.com;cl12375;1742;316556
Макарова Василиса Андреевна;45462557;426030;08.04.1999;Санкт-Петербург;Маяковского;44;93;kevinpatel@gmail.com;cl12376;1474;326347
Алексеев Матвей Викторович;45462558;450375;02.08.1998;Санкт-Петербург;Клубная;44;80;sethbishop@yahoo.com;cl12377;1452;339539
Никитина Полина Александровна;45462559;625560;19.09.1976;Санкт-Петербург;Некрасова;12;66;drollins@schultz-soto.net;cl12378;2077;443480
Окулова Олеся Алексеевна;45462560;630201;03.04.1999;Санкт-Петербург;Комсомольская;17;25;pblack@copeland-winters.org;cl12379;2147;357518
Захарова Полина Яновна;45462561;190949;21.04.1976;Санкт-Петербург;Мичурина;26;93;johnathon.oberbrunner@yahoo.com;cl12380;2687;363884
Зайцев Владимир Давидович;45462562;350501;26.01.1998;Санкт-Петербург;Парковая;2;7;bradly29@gmail.com;cl12381;2376;443711
Иванов Виталий Даниилович;45462563;450048;11.08.1976;Санкт-Петербург;Коммунистическая;21;3;stark.cristina@hilpert.biz;cl12382;2568;386237
Захаров Матвей Романович;45462564;644921;12.07.1993;Санкт-Петербург;Школьная;46;37;bruen.eleanore@yahoo.com;cl12383;2556;439376
Иванов Степан Степанович;45462565;614228;19.09.1998;Санкт-Петербург;Дорожная;36;54;percival.halvorson@yahoo.com;cl12384;2737;407501
Ткачева Милана Тимуровна;45462566;350940;24.05.1998;Санкт-Петербург;Первомайская;23;2;javonte71@kuhlman.biz;cl12385;2581;441645
Семенов Даниил Иванович;45462567;344990;04.01.1976;Санкт-Петербург;Красноармейская;19;92;vconnelly@kautzer.com;cl12386;2675;427933
Виноградов Вячеслав Дмитриевич;45462568;410248;12.07.1976;Санкт-Петербург;Чкалова;11;75;anabelle07@schultz.info;cl12387;2967;434531
Соболева Николь Фёдоровна;45462569;400839;02.05.1976;Санкт-Петербург;8Марта;20;44;nitzsche.katlynn@yahoo.com;cl12388;3070;449655
Тихонова Анна Львовна;45462570;450539;23.03.1985;Санкт-Петербург;Заводская;3;81;corine16@von.com;cl12389;3108;451174
Кузнецова Ульяна Савельевна;45462571;614591;03.06.1999;Санкт-Петербург;Цветочная;20;40;otha.wisozk@lubowitz.org;cl12390;3250;464705
Смирнова Анна Германовна;45462572;400260;18.07.1997;Санкт-Петербург;Больничная;30;53;may.kirlin@hotmail.com;cl12391;3392;471644
Черепанова Анна Давидовна;45462573;660924;06.11.1985;Санкт-Петербург;Молодежная;32;59;bryana.kautzer@yahoo.com;cl12392;3497;487819
Григорьев Максим Кириллович;45462574;644133;26.05.1999;Санкт-Петербург;Гагарина;28;69;deborah.christiansen@quigley.biz;cl12393;3560;491260
Голубев Даниэль Александрович;45462575;450698;14.06.1999;Санкт-Петербург;Вокзальная;14;37;connelly.makayla@yahoo.com;cl12394;3620;506034
Миронов Юрий Денисович;45462576;620653;26.01.1985;Санкт-Петербург;Западная;15;25;tatum.collins@fay.org;cl12395;3774;511438
Терехов Михаил Андреевич;45462577;644321;06.07.1976;Санкт-Петербург;Клубная;32;10;itzel73@anderson.com;cl12396;3862;521377
Орлова Алиса Михайловна;45462578;603653;24.02.1997;Санкт-Петербург;Молодежная;2;45;arjun39@hotmail.com;cl12397;3084;535966
Кулаков Константин Даниилович;45462579;410181;20.06.1993;Санкт-Петербург;Механизаторов;16;74;ohara.rebeka@yahoo.com;cl12398;4021;541528
Кудрявцев Максим Романович;45462580;394207;10.05.1998;Санкт-Петербург;Свердлова;31;28;danika58@rath.com;cl12399;4109;554053
Соболева Кира Фёдоровна;45462581;420633;14.03.1998;Санкт-Петербург;Матросова;18;41;janae.bogan@gmail.com;cl12400;4537;564868
Коновалов Арсений Максимович;45462582;445720;18.02.1985;Санкт-Петербург;Матросова;50;67;vern91@yahoo.com;cl12401;4914;572471
Гусев Михаил Дмитриевич;45462583;400646;23.11.1999;Санкт-Петербург;Октябрьская;47;65;mariana.leannon@larkin.net;cl12402;4445;581302
Суханова Варвара Матвеевна;45462584;644410;13.09.1993;Санкт-Петербург;Красная;17;69;vmoore@gmail.com;cl12403;4743;598180
Орлова Ясмина Васильевна;45462585;400750;24.06.1984;Санкт-Петербург;Школьная;36;71;damon.mcclure@mills.com;cl12404;4741;601821
Васильева Ксения Константиновна;45462586;660590;01.08.1999;Санкт-Петербург;Дачная;37;70;grady.reilly@block.com;cl12405;4783;612567
Борисова Тамара Данииловна;45462587;426083;29.05.1993;Санкт-Петербург;Механизаторов;41;26;boyd.koss@yahoo.com;cl12406;4658;621200
Дмитриев Мирон Ильич;45462588;410569;13.04.1985;Санкт-Петербург;Парковая;36;17;obartell@franecki.info;cl12407;4908;634613
Лебедева Анна Александровна;45462589;443375;30.03.1985;Санкт-Петербург;Дзержинского;50;95;reina75@ferry.net;cl12408;5092;642468
Пономарев Артём Маркович;45462590;614316;02.06.1984;Санкт-Петербург;Первомайская;48;31;karson28@hotmail.com;cl12409;5155;465274
Борисова Елена Михайловна;45462591;445685;23.05.1976;Санкт-Петербург;Зеленая;7;47;damaris61@okon.com;cl12410;5086;666893
Моисеев Камиль Максимович;45462592;614505;17.06.1999;Санкт-Петербург;Нагорная;37;31;carroll.jerod@hotmail.com;cl12411;5333;675375
Герасимова Дарья Константиновна;45462593;426629;13.10.1984;Санкт-Петербург;Весенняя;32;46;ron.treutel@quitzon.com;cl12412;5493;684572
Михайлова Мария Марковна;45462594;603743;02.12.1976;Санкт-Петербург;Матросова;19;20;olen79@yahoo.com;cl12413;5150;696226
Коршунов Кирилл Максимович;45462595;450750;22.05.1985;Санкт-Петербург;Клубная;23;90;pacocha.robbie@yahoo.com;cl12414;1308;703305
